INT_id,STR_boymp3
1,sfx_b_wan1_1.mp3
2,sfx_b_wan2_1.mp3
3,sfx_b_wan3_1.mp3|sfx_b_wan3_2.mp3
4,sfx_b_wan4_1.mp3|sfx_b_wan4_2.mp3
5,sfx_b_wan5_1.mp3
6,sfx_b_wan6_1.mp3
7,sfx_b_wan7_1.mp3
8,sfx_b_wan8_1.mp3
9,sfx_b_wan9_1.mp3|sfx_b_wan9_2.mp3
11,sfx_b_tong1_1.mp3|sfx_b_tong1_2.mp3
12,sfx_b_tong2_1.mp3|sfx_b_tong2_2.mp3
13,sfx_b_tong3_1.mp3|sfx_b_tong3_2.mp3
14,sfx_b_tong4_1.mp3|sfx_b_tong4_2.mp3
15,sfx_b_tong5_1.mp3|sfx_b_tong5_2.mp3|sfx_b_tong5_3.mp3
16,sfx_b_tong6_1.mp3
17,sfx_b_tong7_1.mp3
18,sfx_b_tong8_1.mp3
19,sfx_b_tong9_1.mp3|sfx_b_tong9_2.mp3
21,sfx_b_tiao1_1.mp3|sfx_b_tiao1_2.mp3
22,sfx_b_tiao2_1.mp3|sfx_b_tiao2_2.mp3
23,sfx_b_tiao3_1.mp3
24,sfx_b_tiao4_1.mp3|sfx_b_tiao4_2.mp3
25,sfx_b_tiao5_1.mp3
26,sfx_b_tiao6_1.mp3
27,sfx_b_tiao7_1.mp3
28,sfx_b_tiao8_1.mp3|sfx_b_tiao8_2.mp3|sfx_b_tiao8_3.mp3|sfx_b_tiao8_4.mp3
29,sfx_b_tiao9_1.mp3|sfx_b_tiao9_2.mp3
